date,name,category,value
2019-10-27,Alexis Pinturault,AUT,100
2019-10-27,Sam Maes,AUT,0
2019-10-27,Riley Seger,AUT,0
2019-10-27,Seigo Kato,AUT,0
2019-10-27,Maarten Meiners,AUT,0
2019-10-27,Marlon Sjoberg,AUT,0
2019-10-27,Dries Van Den Broecke,AUT,0
2019-10-27,Ondrej Berndt,AUT,0
2019-10-27,Trevor Philp,AUT,5
2019-10-27,Sung-Hyun Kyung,AUT,0
2019-10-27,Thibaut Favrot,AUT,6
2019-10-27,Cedric Noger,AUT,7
2019-10-27,Justin Murisier,AUT,8
2019-10-27,Thomas Tumler,AUT,9
2019-10-27,Aleksander Aamodt Kilde,AUT,10
2019-10-27,Manfred Moelgg,AUT,11
2019-10-27,Roland Leitinger,AUT,12
2019-10-27,Henrik Kristoffersen,AUT,13
2019-10-27,Ted Ligety,AUT,45
2019-10-27,Lucas Braathen,AUT,40
2019-10-27,Erik Read,AUT,36
2019-10-27,Luca De Aliprandini,AUT,32
2019-10-27,Gino Caviezel,AUT,29
2019-10-27,Leif Kristian Haugen,AUT,26
2019-10-27,Samu Torsti,AUT,0
2019-10-27,Ryan Cochran-Siegle,AUT,24
2019-10-27,Marco Odermatt,AUT,20
2019-10-27,Rasmus Windingstad,AUT,18
2019-10-27,Loic Meillard,AUT,0
2019-10-27,Matthias Mayer,AUT,16
2019-10-27,Stefan Luitz,AUT,15
2019-10-27,Matts Olsson,AUT,14
2019-10-27,Manuel Feller,AUT,22
2019-10-27,Tommy Ford,AUT,50
2019-10-27,Albert Popov,AUT,0
2019-10-27,Patrick Feurstein,AUT,0
2019-10-27,Hannes Zingerle,AUT,0
2019-10-27,Timon Haugan,AUT,0
2019-10-27,Filip Zubcic,AUT,0
2019-10-27,Pavel Trikhichev,AUT,0
2019-10-27,Remy Falgoux,AUT,0
2019-10-27,Nicholas Krause,AUT,0
2019-10-27,Elia Zurbriggen,AUT,0
2019-10-27,River Radamus,AUT,0
2019-10-27,Dominik Paris,AUT,0
2019-10-27,Brian Mclaughlin,AUT,0
2019-10-27,Atle Lie McGrath,AUT,0
2019-10-27,Victor Muffat Jeandet,AUT,3
2019-10-27,Cyprien Sarrazin,AUT,0
2019-10-27,Johannes Strolz,AUT,0
2019-10-27,Adam Zampa,AUT,0
2019-10-27,Giovanni Borsotti,AUT,0
2019-10-27,Fritz Dopfer,AUT,0
2019-10-27,Andreas Zampa,AUT,0
2019-10-27,Bastian Meisen,AUT,0
2019-10-27,Markus Monsen,AUT,0
2019-10-27,Dominik Raschner,AUT,0
2019-10-27,Alexander Schmid,AUT,4
2019-10-27,Mattias Roenngren,AUT,0
2019-10-27,Kristoffer Jakobsen,AUT,0
2019-10-27,Stefan Hadalin,AUT,0
2019-10-27,Magnus Walch,AUT,0
2019-10-27,Fabian Wilkens Solheim,AUT,0
2019-10-27,Riccardo Tonetti,AUT,0
2019-10-27,Charlie Raposo,AUT,0
2019-10-27,Simon Maurberger,AUT,0
2019-10-27,Reto Schmidiger,AUT,0
2019-10-27,Aleksandr Andrienko,AUT,0
2019-10-27,Zan Kranjec,AUT,60
2019-10-27,Stefan Brennsteiner,AUT,0
2019-10-27,Mathieu Faivre,AUT,80
2019-11-24,Federico Liberatore,FIN,0
2019-11-24,Christian Hirschbuehel,FIN,36
2019-11-24,David Ketterer,FIN,0
2019-11-24,Dominik Stehle,FIN,0
2019-11-24,Leif Kristian Haugen,FIN,30
2019-11-24,Ondrej Berndt,FIN,0
2019-11-24,Timon Haugan,FIN,0
2019-11-24,Simon Maurberger,FIN,0
2019-11-24,Adam Zampa,FIN,0
2019-11-24,Hideyuki Narita,FIN,0
2019-11-24,Fabian Bacher,FIN,0
2019-11-24,Simon Fournier,FIN,0
2019-11-24,Sebastian Holzmann,FIN,0
2019-11-24,Youhei Koyama,FIN,0
2019-11-24,Baptiste Alliot Lugaz,FIN,0
2019-11-24,Robin Buffet,FIN,0
2019-11-24,Marc Digruber,FIN,11
2019-11-24,Simen Ramberg Christensen,FIN,0
2019-11-24,Stefano Gross,FIN,0
2019-11-24,Zan Kranjec,FIN,70
2019-11-24,Mathias Graf,FIN,0
2019-11-24,Reto Schmidiger,FIN,0
2019-11-24,Fritz Dopfer,FIN,0
2019-11-24,Marco Schwarz,FIN,6
2019-11-24,Trevor Philp,FIN,10
2019-11-24,David Ryding,FIN,0
2019-11-24,Johannes Strolz,FIN,0
2019-11-24,Jean-Baptiste Grange,FIN,0
2019-11-24,Giuliano Razzoli,FIN,0
2019-11-24,Riccardo Tonetti,FIN,0
2019-11-24,Kristoffer Jakobsen,FIN,40
2019-11-24,Clement Noel,FIN,80
2019-11-24,Luca Aerni,FIN,14
2019-11-24,Loic Meillard,FIN,14
2019-11-24,Sandro Simonet,FIN,20
2019-11-24,Tommaso Sala,FIN,0
2019-11-24,Alexis Pinturault,FIN,100
2019-11-24,Matej Vidovic,FIN,0
2019-11-24,Juan Del Campo,FIN,0
2019-11-24,Dominik Raschner,FIN,0
2019-11-24,Victor Muffat Jeandet,FIN,3
2019-11-24,Turo Torvinen,FIN,0
2019-11-24,Simon Efimov,FIN,0
2019-11-24,Andre Myhrer,FIN,45
2019-11-24,Albert Popov,FIN,0
2019-11-24,Elias Kolega,FIN,12
2019-11-24,Linus Strasser,FIN,32
2019-11-24,Marlon Sjoberg,FIN,0
2019-11-24,Kamen Zlatkov,FIN,0
2019-11-24,Luke Winters,FIN,0
2019-11-24,Anton Tremmel,FIN,0
2019-11-24,Stefan Hadalin,FIN,8
2019-11-24,Filip Zubcic,FIN,15
2019-11-24,Daniel Yule,FIN,60
2019-11-24,Laurie Taylor,FIN,0
2019-11-24,Sebastian-Foss Solevaag,FIN,29
2019-11-24,Tanguy Nef,FIN,9
2019-11-24,Marc Rochat,FIN,0
2019-11-24,Erik Read,FIN,36
2019-11-24,Manuel Feller,FIN,38
2019-11-24,Manfred Moelgg,FIN,37
2019-11-24,Ryuunosuke Ohkoshi,FIN,0
2019-11-24,Jonathan Nordbotten,FIN,0
2019-11-24,Jesper Pohjolainen,FIN,0
2019-11-24,Atle Lie McGrath,FIN,0
2019-11-24,Pavel Trikhichev,FIN,7
2019-11-24,Henrik Kristoffersen,FIN,113
2019-11-24,Michael Matt,FIN,24
2019-11-24,Tobias Hedstroem,FIN,0
2019-11-24,Ramon Zenhaeusern,FIN,50
2019-11-24,Louis Muhlen,FIN,0
2019-11-24,Istok Rodes,FIN,18
2019-11-24,Jens Henttinen,FIN,0
2019-11-24,Henrik Jarvikare,FIN,0
2019-11-24,Samuel Kolega,FIN,0
2019-11-24,Alex Vinatzer,FIN,22
2019-11-24,Armand Marchant,FIN,3
2019-11-24,Julien Lizeroux,FIN,0
2019-11-24,Miikka Mankinen,FIN,0
2019-11-30,Nils Allegre,CAN,9
2019-11-30,Travis Ganong,CAN,26
2019-11-30,Mauro Caviezel,CAN,40
2019-11-30,Johan Clarey,CAN,20
2019-11-30,Steven Nyman,CAN,26
2019-11-30,Sam Mulligan,CAN,0
2019-11-30,Kjetil Jansrud,CAN,32
2019-11-30,Miha Hrobat,CAN,0
2019-11-30,Mattia Casse,CAN,0
2019-11-30,Niels Hintermann,CAN,8
2019-11-30,Othmar Striedinger,CAN,8
2019-11-30,Bryce Bennett,CAN,8
2019-11-30,Maxence Muzaton,CAN,15
2019-11-30,Emanuele Buzzi,CAN,12
2019-11-30,Adrien Theaux,CAN,29
2019-11-30,Vincent Kriechmayr,CAN,36
2019-11-30,Aleksander Aamodt Kilde,CAN,32
2019-11-30,Matthieu Bailet,CAN,10
2019-11-30,Felix Monsen,CAN,0
2019-11-30,Martin Cater,CAN,5
2019-11-30,Hannes Reichelt,CAN,2
2019-11-30,Matthias Mayer,CAN,61
2019-11-30,Benjamin Thomsen,CAN,1
2019-11-30,Marco Odermatt,CAN,34
2019-11-30,Carlo Janka,CAN,60
2019-11-30,Dominik Paris,CAN,80
2019-11-30,Klemen Kosi,CAN,11
2019-11-30,Thomas Dressen,CAN,100
2019-11-30,Christian Walder,CAN,4
2019-11-30,Jared Goldberg,CAN,1
2019-11-30,Daniel Danklmaier,CAN,13
2019-11-30,Romed Baumann,CAN,16
2019-11-30,Josef Ferstl,CAN,18
2019-11-30,Max Franz,CAN,3
2019-11-30,Ryan Cochran-Siegle,CAN,25
2019-11-30,Beat Feuz,CAN,60
2019-12-01,Travis Ganong,CAN,48
2019-12-01,Nils Allegre,CAN,17
2019-12-01,Hannes Reichelt,CAN,14
2019-12-01,Vincent Kriechmayr,CAN,96
2019-12-01,Mauro Caviezel,CAN,100
2019-12-01,Brodie Seger,CAN,15
2019-12-01,Johan Clarey,CAN,26
2019-12-01,Marco Odermatt,CAN,70
2019-12-01,Carlo Janka,CAN,73
2019-12-01,Peter Fill,CAN,2
2019-12-01,Adrian Smiseth Sejersted,CAN,3
2019-12-01,Josef Ferstl,CAN,25
2019-12-01,Stefan Rogentin,CAN,4
2019-12-01,Kjetil Jansrud,CAN,64
2019-12-01,Bostjan Kline,CAN,2
2019-12-01,Ryan Cochran-Siegle,CAN,35
2019-12-01,Beat Feuz,CAN,76
2019-12-01,Adrien Theaux,CAN,58
2019-12-01,Matthieu Bailet,CAN,10
2019-12-01,Thomas Tumler,CAN,20
2019-12-01,Mattia Casse,CAN,45
2019-12-01,Brice Roger,CAN,5
2019-12-01,Max Franz,CAN,27
2019-12-01,Emanuele Buzzi,CAN,32
2019-12-01,Andreas Sander,CAN,14
2019-12-01,Matthias Mayer,CAN,161
2019-12-01,Dominik Paris,CAN,160
2019-12-01,Steven Nyman,CAN,35
2019-12-01,Christian Walder,CAN,24
2019-12-01,Aleksander Aamodt Kilde,CAN,72
2019-12-01,Thomas Dressen,CAN,126
2019-12-01,Sam Mulligan,CAN,0
2019-12-01,Nicolas Raffort,CAN,0
2019-12-06,Hannes Reichelt,USA,43
2019-12-06,Kjetil Jansrud,USA,88
2019-12-06,James Crawford,USA,10
2019-12-06,Pavel Trikhichev,USA,17
2019-12-06,Mattia Casse,USA,71
2019-12-06,Adrian Smiseth Sejersted,USA,35
2019-12-06,Tommy Ford,USA,50
2019-12-06,Gilles Roulin,USA,10
2019-12-06,Sam Mulligan,USA,0
2019-12-06,Thomas Tumler,USA,42
2019-12-06,Steven Nyman,USA,42
2019-12-06,Rasmus Windingstad,USA,31
2019-12-06,Matthieu Bailet,USA,10
2019-12-06,Marco Odermatt,USA,170
2019-12-06,Miha Hrobat,USA,15
2019-12-06,Andreas Sander,USA,32
2019-12-06,Matteo Marsaglia,USA,2
2019-12-06,Ryan Cochran-Siegle,USA,48
2019-12-06,Ted Ligety,USA,48
2019-12-06,Maxence Muzaton,USA,15
2019-12-06,Brice Roger,USA,5
2019-12-06,Romed Baumann,USA,16
2019-12-06,Adrien Theaux,USA,58
2019-12-06,Josef Ferstl,USA,25
2019-12-06,Emanuele Buzzi,USA,32
2019-12-06,Thomas Biesemeyer,USA,0
2019-12-06,Alexis Pinturault,USA,150
2019-12-06,Matthias Mayer,USA,221
2019-12-06,Martin Cater,USA,10
2019-12-06,Stefan Hadalin,USA,8
2019-12-06,Gino Caviezel,USA,35
2019-12-06,Klemen Kosi,USA,22
2019-12-06,Mauro Caviezel,USA,145
2019-12-06,Max Franz,USA,28
2019-12-06,Thomas Dressen,USA,130
2019-12-06,Travis Ganong,USA,88
2019-12-06,Aleksander Aamodt Kilde,USA,152
2019-12-06,Vincent Kriechmayr,USA,132
2019-12-06,Beat Feuz,USA,92
2019-12-06,Nils Allegre,USA,31
2019-12-06,Dominik Paris,USA,180
2019-12-07,Vincent Kriechmayr,USA,212
2019-12-07,Adrien Theaux,USA,87
2019-12-07,Kjetil Jansrud,USA,117
2019-12-07,Romed Baumann,USA,18
2019-12-07,Max Franz,USA,38
2019-12-07,Nils Allegre,USA,46
2019-12-07,Matthieu Bailet,USA,34
2019-12-07,Othmar Striedinger,USA,14
2019-12-07,Christopher Neumayer,USA,6
2019-12-07,Dominik Paris,USA,204
2019-12-07,Urs Kryenbuehl,USA,8
2019-12-07,Beat Feuz,USA,192
2019-12-07,Adrian Smiseth Sejersted,USA,80
2019-12-07,Brodie Seger,USA,35
2019-12-07,Victor Schuller,USA,0
2019-12-07,James Crawford,USA,10
2019-12-07,Christian Walder,USA,40
2019-12-07,Steven Nyman,USA,56
2019-12-07,Ryan Cochran-Siegle,USA,88
2019-12-07,Jared Goldberg,USA,10
2019-12-07,Nils Mani,USA,2
2019-12-07,Carlo Janka,USA,87
2019-12-07,Johan Clarey,USA,106
2019-12-07,Klaus Brandner,USA,0
2019-12-07,Alexander Koell,USA,11
2019-12-07,Hannes Reichelt,USA,93
2019-12-07,Daniel Danklmaier,USA,20
2019-12-07,Thomas Dressen,USA,142
2019-12-07,Maxence Muzaton,USA,19
2019-12-07,Mauro Caviezel,USA,163
2019-12-07,Aleksander Aamodt Kilde,USA,188
2019-12-07,Niels Hintermann,USA,11
2019-12-07,Dominik Schwaiger,USA,36
2019-12-08,Stefan Luitz,USA,15
2019-12-08,Marco Odermatt,USA,170
2019-12-08,Mattias Roenngren,USA,7
2019-12-08,Cedric Noger,USA,12
2019-12-08,Victor Muffat Jeandet,USA,48
2019-12-08,Justin Murisier,USA,34
2019-12-08,Andreas Zampa,USA,0
2019-12-08,Andrea Ballerin,USA,0
2019-12-08,Johannes Strolz,USA,0
2019-12-08,Daniel Meier,USA,0
2019-12-08,Elia Zurbriggen,USA,0
2019-12-08,Riccardo Tonetti,USA,0
2019-12-08,Cyprien Sarrazin,USA,20
2019-12-08,Fritz Dopfer,USA,0
2019-12-08,Sam Maes,USA,0
2019-12-08,Manfred Moelgg,USA,37
2019-12-08,Alexis Pinturault,USA,164
2019-12-08,Alexander Schmid,USA,15
2019-12-08,Hannes Zingerle,USA,4
2019-12-08,Thomas Tumler,USA,42
2019-12-08,Henrik Kristoffersen,USA,193
2019-12-08,Rasmus Windingstad,USA,31
2019-12-08,Riley Seger,USA,0
2019-12-08,Fabian Wilkens Solheim,USA,0
2019-12-08,Filip Zubcic,USA,47
2019-12-08,Matthias Mayer,USA,233
2019-12-08,Mathieu Faivre,USA,120
2019-12-08,Matts Olsson,USA,36
2019-12-08,Adam Zampa,USA,0
2019-12-08,Aleksander Aamodt Kilde,USA,188
2019-12-08,Erik Read,USA,36
2019-12-08,Pavel Trikhichev,USA,26
2019-12-08,Dominik Raschner,USA,3
2019-12-08,Willis Feasey,USA,0
2019-12-08,Stefan Brennsteiner,USA,0
2019-12-08,Luca De Aliprandini,USA,50
2019-12-08,Ted Ligety,USA,72
2019-12-08,Lucas Braathen,USA,56
2019-12-08,Stefan Hadalin,USA,8
2019-12-08,Trevor Philp,USA,46
2019-12-08,Gino Caviezel,USA,64
2019-12-08,Aleksandr Andrienko,USA,0
2019-12-08,Simon Maurberger,USA,0
2019-12-08,Roland Leitinger,USA,22
2019-12-08,Loic Meillard,USA,29
2019-12-08,Atle Lie McGrath,USA,0
2019-12-08,Giulio Bosca,USA,0
2019-12-08,Samuel Dupratt,USA,0
2019-12-08,River Radamus,USA,0
2019-12-08,Marco Schwarz,USA,12
2019-12-08,Zan Kranjec,USA,120
2019-12-08,Ryan Cochran-Siegle,USA,96
2019-12-08,Brian Mclaughlin,USA,0
2019-12-08,Magnus Walch,USA,0
2019-12-08,Leif Kristian Haugen,USA,90
2019-12-08,George Steffey,USA,0
2019-12-08,Tommy Ford,USA,150
2019-12-08,Thibaut Favrot,USA,19
2019-12-08,Dominik Paris,USA,204
2019-12-15,Manfred Moelgg,FRA,55
2019-12-15,Trevor Philp,FRA,46
2019-12-15,Dominik Stehle,FRA,0
2019-12-15,Mathias Graf,FRA,0
2019-12-15,Matej Vidovic,FRA,11
2019-12-15,Tommaso Sala,FRA,0
2019-12-15,Juan Del Campo,FRA,0
2019-12-15,Fritz Dopfer,FRA,10
2019-12-15,Jonathan Nordbotten,FRA,0
2019-12-15,Albert Popov,FRA,22
2019-12-15,Elias Kolega,FRA,28
2019-12-15,Ramon Zenhaeusern,FRA,50
2019-12-15,Luke Winters,FRA,12
2019-12-15,Youhei Koyama,FRA,0
2019-12-15,Marco Schwarz,FRA,32
2019-12-15,Fabio Gstrein,FRA,0
2019-12-15,Adam Zampa,FRA,0
2019-12-15,Zan Kranjec,FRA,120
2019-12-15,Sebastian Holzmann,FRA,0
2019-12-15,Leif Kristian Haugen,FRA,97
2019-12-15,Reto Schmidiger,FRA,0
2019-12-15,Andre Myhrer,FRA,125
2019-12-15,Erik Read,FRA,36
2019-12-15,Sandro Simonet,FRA,20
2019-12-15,Bjoern Brudevoll,FRA,0
2019-12-15,Johannes Strolz,FRA,0
2019-12-15,Laurie Taylor,FRA,0
2019-12-15,Victor Muffat Jeandet,FRA,80
2019-12-15,Filip Zubcic,FRA,47
2019-12-15,Baptiste Alliot Lugaz,FRA,0
2019-12-15,Pavel Trikhichev,FRA,26
2019-12-15,Jean-Baptiste Grange,FRA,0
2019-12-15,Simon Efimov,FRA,0
2019-12-15,Marc Digruber,FRA,11
2019-12-15,Luca Aerni,FRA,18
2019-12-15,Robin Buffet,FRA,0
2019-12-15,Lucas Braathen,FRA,56
2019-12-15,Loic Meillard,FRA,65
2019-12-15,Istok Rodes,FRA,24
2019-12-15,Michael Matt,FRA,69
2019-12-15,David Ryding,FRA,14
2019-12-15,Alex Vinatzer,FRA,22
2019-12-15,Giuliano Razzoli,FRA,5
2019-12-15,Fabian Bacher,FRA,0
2019-12-15,Marc Rochat,FRA,0
2019-12-15,Timon Haugan,FRA,0
2019-12-15,Simon Fournier,FRA,0
2019-12-15,Dominik Raschner,FRA,3
2019-12-15,Stefano Gross,FRA,60
2019-12-15,Christian Hirschbuehel,FRA,60
2019-12-15,Armand Marchant,FRA,16
2019-12-15,Stefan Hadalin,FRA,17
2019-12-15,Alexis Pinturault,FRA,264
2019-12-15,David Ketterer,FRA,0
2019-12-15,Jens Henttinen,FRA,0
2019-12-15,Sebastian-Foss Solevaag,FRA,58
2019-12-15,Federico Liberatore,FRA,0
2019-12-15,Julien Lizeroux,FRA,0
2019-12-15,Stefan Luitz,FRA,15
2019-12-15,Kristoffer Jakobsen,FRA,80
2019-12-15,Hideyuki Narita,FRA,0
2019-12-15,Alexandr Horoshilov,FRA,15
2019-12-15,Daniel Yule,FRA,86
2019-12-15,Tanguy Nef,FRA,9
2019-12-15,Riccardo Tonetti,FRA,8
2019-12-15,Clement Noel,FRA,80
2019-12-15,Ryuunosuke Ohkoshi,FRA,0
2019-12-15,Henrik Kristoffersen,FRA,243
2019-12-15,Simon Maurberger,FRA,0
2019-12-15,River Radamus,FRA,0
2019-12-20,Klemen Kosi,ITA,25
2019-12-20,Thomas Dressen,ITA,202
2019-12-20,Felix Monsen,ITA,13
2019-12-20,James Crawford,ITA,24
2019-12-20,Dominik Paris,ITA,249
2019-12-20,Steven Nyman,ITA,76
2019-12-20,Adrian Smiseth Sejersted,ITA,96
2019-12-20,Mattia Casse,ITA,87
2019-12-20,Mauro Caviezel,ITA,213
2019-12-20,Vincent Kriechmayr,ITA,312
2019-12-20,Stefan Babinsky,ITA,11
2019-12-20,Josef Ferstl,ITA,29
2019-12-20,Rasmus Windingstad,ITA,32
2019-12-20,Gino Caviezel,ITA,82
2019-12-20,Stefan Rogentin,ITA,16
2019-12-20,Christian Walder,ITA,51
2019-12-20,Roy Piccard,ITA,0
2019-12-20,Dominik Schwaiger,ITA,38
2019-12-20,Brice Roger,ITA,14
2019-12-20,Samuel Dupratt,ITA,9
2019-12-20,Adrien Theaux,ITA,113
2019-12-20,Beat Feuz,ITA,221
2019-12-20,Marco Odermatt,ITA,177
2019-12-20,Hannes Reichelt,ITA,133
2019-12-20,Johan Clarey,ITA,142
2019-12-20,Aleksander Aamodt Kilde,ITA,224
2019-12-20,Kjetil Jansrud,ITA,197
2019-12-20,Andreas Sander,ITA,54
2019-12-20,Stian Saugestad,ITA,6
2019-12-20,Matthias Mayer,ITA,257
2019-12-20,Christoph Krenn,ITA,6
2019-12-20,Daniel Danklmaier,ITA,20
2019-12-20,Peter Fill,ITA,2
2019-12-22,Ted Ligety,ITA,72
2019-12-22,Johannes Strolz,ITA,0
2019-12-22,Pavel Trikhichev,ITA,26
2019-12-22,Atle Lie McGrath,ITA,0
2019-12-22,Giulio Bosca,ITA,0
2019-12-22,Remy Falgoux,ITA,0
2019-12-22,Gino Caviezel,ITA,96
2019-12-22,Giovanni Borsotti,ITA,0
2019-12-22,Samu Torsti,ITA,0
2019-12-22,Brian Mclaughlin,ITA,0
2019-12-22,Andrea Ballerin,ITA,0
2019-12-22,Riccardo Tonetti,ITA,21
2019-12-22,Aleksandr Andrienko,ITA,0
2019-12-22,Daniele Sette,ITA,0
2019-12-22,Matthias Mayer,ITA,257
2019-12-22,Simon Maurberger,ITA,0
2019-12-22,Bastian Meisen,ITA,0
2019-12-22,Arttu Niemela,ITA,0
2019-12-22,Justin Murisier,ITA,50
2019-12-22,Ryan Cochran-Siegle,ITA,108
2019-12-22,Michael Matt,ITA,69
2019-12-22,Fabian Wilkens Solheim,ITA,0
2019-12-22,Daniel Meier,ITA,0
2019-12-22,Andreas Zampa,ITA,0
2019-12-22,Mattias Roenngren,ITA,7
2019-12-22,Roberto Nani,ITA,0
2019-12-22,Trevor Philp,ITA,46
2019-12-22,River Radamus,ITA,0
2019-12-22,Elia Zurbriggen,ITA,0
2019-12-22,Erik Read,ITA,36
2019-12-22,Albert Popov,ITA,22
2019-12-22,Stefan Luitz,ITA,15
2019-12-22,Luca De Aliprandini,ITA,65
2019-12-22,Hannes Zingerle,ITA,4
2019-12-22,Sam Maes,ITA,0
2019-12-22,Timon Haugan,ITA,0
2019-12-22,Matts Olsson,ITA,36
2019-12-22,Mathieu Faivre,ITA,129
2019-12-22,Thibaut Favrot,ITA,39
2019-12-22,Adam Zampa,ITA,4
2019-12-22,Lucas Braathen,ITA,88
2019-12-22,Loic Meillard,ITA,87
2019-12-22,Stefan Brennsteiner,ITA,10
2019-12-22,Leif Kristian Haugen,ITA,121
2019-12-22,Dominik Raschner,ITA,8
2019-12-22,Marco Schwarz,ITA,72
2019-12-22,Cedric Noger,ITA,18
2019-12-22,Filip Zubcic,ITA,73
2019-12-22,Roland Leitinger,ITA,30
2019-12-22,Rasmus Windingstad,ITA,68
2019-12-22,Cyprien Sarrazin,ITA,100
2019-12-22,Victor Muffat Jeandet,ITA,87
2019-12-22,Alexis Pinturault,ITA,296
2019-12-22,Alexander Schmid,ITA,35
2019-12-22,Aleksander Aamodt Kilde,ITA,274
2019-12-22,Marco Odermatt,ITA,222
2019-12-22,Tommy Ford,ITA,161
2019-12-22,Manfred Moelgg,ITA,58
2019-12-22,Henrik Kristoffersen,ITA,343
2019-12-22,Zan Kranjec,ITA,180
2019-12-22,Thomas Tumler,ITA,44
2019-12-23,Dominik Raschner,ITA,32
2019-12-23,Rasmus Windingstad,ITA,168
2019-12-23,Mattias Roenngren,ITA,47
2019-12-23,Filip Zubcic,ITA,79
2019-12-23,Thibaut Favrot,ITA,65
2019-12-23,Stefan Luitz,ITA,95
2019-12-23,Leif Kristian Haugen,ITA,171
2019-12-23,Roland Leitinger,ITA,90
2019-12-23,Tommy Ford,ITA,169
2019-12-23,Henrik Kristoffersen,ITA,379
2019-12-23,Loic Meillard,ITA,116
2019-12-23,Alexander Schmid,ITA,48
2019-12-23,Pavel Trikhichev,ITA,41
2019-12-23,Atle Lie McGrath,ITA,7
2019-12-23,Simon Maurberger,ITA,2
2019-12-23,Stefan Hadalin,ITA,18
2019-12-23,Lucas Braathen,ITA,133
2019-12-23,Alexis Pinturault,ITA,301
2019-12-23,Aleksander Aamodt Kilde,ITA,294
2019-12-23,Matts Olsson,ITA,37
2019-12-23,Samu Torsti,ITA,1
2019-12-23,Mathieu Faivre,ITA,145
2019-12-23,Mauro Caviezel,ITA,217
2019-12-23,Christian Hirschbuehel,ITA,72
2019-12-23,Bastian Meisen,ITA,12
2019-12-23,Michael Matt,ITA,79
2019-12-23,Zan Kranjec,ITA,194
2019-12-23,Justin Murisier,ITA,82
2019-12-23,River Radamus,ITA,18
2019-12-23,Ryan Cochran-Siegle,ITA,130
2019-12-23,Fabian Wilkens Solheim,ITA,10
2019-12-23,Hannes Zingerle,ITA,7
2019-12-27,Matthieu Bailet,ITA,74
2019-12-27,Mattia Casse,ITA,100
2019-12-27,Aleksander Aamodt Kilde,ITA,344
2019-12-27,Dominik Schwaiger,ITA,43
2019-12-27,Christopher Neumayer,ITA,10
2019-12-27,Josef Ferstl,ITA,36
2019-12-27,Steven Nyman,ITA,83
2019-12-27,Brice Roger,ITA,50
2019-12-27,Benjamin Thomsen,ITA,4
2019-12-27,Dominik Paris,ITA,349
2019-12-27,Daniel Danklmaier,ITA,21
2019-12-27,Matthias Mayer,ITA,317
2019-12-27,Nicolas Raffort,ITA,14
2019-12-27,Emanuele Buzzi,ITA,34
2019-12-27,Maxence Muzaton,ITA,64
2019-12-27,Adrien Theaux,ITA,131
2019-12-27,Travis Ganong,ITA,120
2019-12-27,Urs Kryenbuehl,ITA,28
2019-12-27,Sam Morse,ITA,0
2019-12-27,Vincent Kriechmayr,ITA,312
2019-12-27,Hannes Reichelt,ITA,155
2019-12-27,Othmar Striedinger,ITA,25
2019-12-27,Kjetil Jansrud,ITA,208
2019-12-27,Ryan Cochran-Siegle,ITA,154
2019-12-27,Beat Feuz,ITA,301
2019-12-27,Carlo Janka,ITA,96
2019-12-27,Max Franz,ITA,54
2019-12-27,Nils Allegre,ITA,58
2019-12-27,Adrian Smiseth Sejersted,ITA,111
2019-12-27,Thomas Dressen,ITA,231
2019-12-27,Romed Baumann,ITA,26
2019-12-27,Johan Clarey,ITA,168
2019-12-28,Miha Hrobat,ITA,15
2019-12-28,Dominik Schwaiger,ITA,47
2019-12-28,Nicolas Raffort,ITA,27
2019-12-28,Matthieu Bailet,ITA,94
2019-12-28,Steven Nyman,ITA,95
2019-12-28,Aleksander Aamodt Kilde,ITA,394
2019-12-28,Mattia Casse,ITA,111
2019-12-28,Brice Roger,ITA,50
2019-12-28,Hannes Reichelt,ITA,155
2019-12-28,Dominik Paris,ITA,449
2019-12-28,Nils Mani,ITA,2
2019-12-28,Beat Feuz,ITA,361
2019-12-28,Alexander Koell,ITA,11
2019-12-28,Martin Cater,ITA,10
2019-12-28,Davide Cazzaniga,ITA,0
2019-12-28,Gilles Roulin,ITA,13
2019-12-28,Max Franz,ITA,54
2019-12-28,Romed Baumann,ITA,27
2019-12-28,Felix Monsen,ITA,29
2019-12-28,Adrien Theaux,ITA,163
2019-12-28,Adrian Smiseth Sejersted,ITA,129
2019-12-28,Jared Goldberg,ITA,18
2019-12-28,Niels Hintermann,ITA,51
2019-12-28,Urs Kryenbuehl,ITA,108
2019-12-28,Johannes Kroell,ITA,9
2019-12-28,Ryan Cochran-Siegle,ITA,178
2019-12-28,Johan Clarey,ITA,204
2019-12-28,Andreas Sander,ITA,59
2019-12-28,Nils Allegre,ITA,64
2019-12-28,Vincent Kriechmayr,ITA,338
2019-12-28,Matthias Mayer,ITA,362
2019-12-28,Maxence Muzaton,ITA,93
2019-12-28,Josef Ferstl,ITA,46
2019-12-28,Benjamin Thomsen,ITA,26
2019-12-28,Christopher Neumayer,ITA,24
2019-12-28,Othmar Striedinger,ITA,40
2019-12-28,Emanuele Buzzi,ITA,36
2019-12-28,Matteo Marsaglia,ITA,9
2019-12-29,Jan Zabystran,ITA,12
2019-12-29,Niels Hintermann,ITA,59
2019-12-29,Mattias Roenngren,ITA,54
2019-12-29,Urs Kryenbuehl,ITA,117
2019-12-29,Florian Schieder,ITA,6
2019-12-29,Alexis Pinturault,ITA,401
2019-12-29,Aleksander Aamodt Kilde,ITA,474
2019-12-29,Dominik Paris,ITA,454
2019-12-29,Gilles Roulin,ITA,23
2019-12-29,Stefan Hadalin,ITA,29
2019-12-29,Guglielmo Bosca,ITA,4
2019-12-29,Blaise Giezendanner,ITA,3
2019-12-29,Brodie Seger,ITA,37
2019-12-29,Martin Cater,ITA,10
2019-12-29,Adrian Smiseth Sejersted,ITA,129
2019-12-29,Christopher Neumayer,ITA,24
2019-12-29,Felix Monsen,ITA,29
2019-12-29,Florian Loriot,ITA,16
2019-12-29,Ryan Cochran-Siegle,ITA,223
2019-12-29,Matthias Mayer,ITA,362
2019-12-29,Miha Hrobat,ITA,15
2019-12-29,Gino Caviezel,ITA,128
2019-12-29,Alexander Koell,ITA,11
2019-12-29,Jared Goldberg,ITA,18
2019-12-29,Stian Saugestad,ITA,6
2019-12-29,Vincent Kriechmayr,ITA,360
2019-12-29,Robin Buffet,ITA,0
2019-12-29,Luca Aerni,ITA,18
2019-12-29,Johannes Strolz,ITA,0
2019-12-29,Alexander Prast,ITA,0
2019-12-29,Bostjan Kline,ITA,2
2019-12-29,Rasmus Windingstad,ITA,168
2019-12-29,Maxence Muzaton,ITA,93
2019-12-29,Riccardo Tonetti,ITA,71
2019-12-29,Stefan Babinsky,ITA,11
2019-12-29,Valentin Giraud Moine,ITA,0
2019-12-29,Sam Morse,ITA,0
2019-12-29,Stefan Rogentin,ITA,34
2019-12-29,Daniel Danklmaier,ITA,35
2019-12-29,Loic Meillard,ITA,176
2019-12-29,Klemen Kosi,ITA,40
2019-12-29,Justin Murisier,ITA,111
2019-12-29,Bryce Bennett,ITA,21
2019-12-29,Victor Muffat Jeandet,ITA,111
2019-12-29,Romed Baumann,ITA,47
2019-12-29,Nils Allegre,ITA,104
2019-12-29,Pavel Trikhichev,ITA,77
2019-12-29,Sandro Simonet,ITA,20
2019-12-29,Kjetil Jansrud,ITA,234
2020-01-05,Loic Meillard,CRO,176
2020-01-05,Leon Nikic,CRO,0
2020-01-05,Simon Fournier,CRO,0
2020-01-05,Jonathan Nordbotten,CRO,0
2020-01-05,Simon Efimov,CRO,0
2020-01-05,Ryuunosuke Ohkoshi,CRO,0
2020-01-05,Julien Lizeroux,CRO,0
2020-01-05,Jan Zabystran,CRO,12
2020-01-05,Luca Aerni,CRO,18
2020-01-05,Marc Digruber,CRO,11
2020-01-05,Filip Zubcic,CRO,79
2020-01-05,River Radamus,CRO,18
2020-01-05,Andre Myhrer,CRO,175
2020-01-05,Leif Kristian Haugen,CRO,171
2020-01-05,Tanguy Nef,CRO,16
2020-01-05,Alexis Pinturault,CRO,430
2020-01-05,Timon Haugan,CRO,8
2020-01-05,Simon Maurberger,CRO,28
2020-01-05,Linus Strasser,CRO,68
2020-01-05,Erik Read,CRO,45
2020-01-05,Marco Schwarz,CRO,96
2020-01-05,Daniel Yule,CRO,90
2020-01-05,Adam Zampa,CRO,4
2020-01-05,Matej Vidovic,CRO,11
2020-01-05,Pavel Trikhichev,CRO,77
2020-01-05,Stefano Gross,CRO,60
2020-01-05,Alexandr Horoshilov,CRO,25
2020-01-05,Johannes Strolz,CRO,0
2020-01-05,Dominik Stehle,CRO,0
2020-01-05,Sandro Simonet,CRO,20
2020-01-05,Reto Schmidiger,CRO,0
2020-01-05,Stefan Luitz,CRO,95
2020-01-05,Samuel Kolega,CRO,0
2020-01-05,Victor Muffat Jeandet,CRO,133
2020-01-05,Manuel Feller,CRO,60
2020-01-05,Fritz Dopfer,CRO,10
2020-01-05,Elias Kolega,CRO,28
2020-01-05,Kristoffer Jakobsen,CRO,80
2020-01-05,Riccardo Tonetti,CRO,71
2020-01-05,Juan Del Campo,CRO,0
2020-01-05,Manfred Moelgg,CRO,90
2020-01-05,Luke Winters,CRO,15
2020-01-05,Lucas Braathen,CRO,173
2020-01-05,Fabio Gstrein,CRO,14
2020-01-05,Tommaso Sala,CRO,5
2020-01-05,Ramon Zenhaeusern,CRO,130
2020-01-05,Stefan Hadalin,CRO,44
2020-01-05,Armand Marchant,CRO,61
2020-01-05,Jean-Baptiste Grange,CRO,16
2020-01-05,Henrik Kristoffersen,CRO,391
2020-01-05,Zan Kranjec,CRO,206
2020-01-05,Istok Rodes,CRO,30
2020-01-05,Clement Noel,CRO,180
2020-01-05,David Ryding,CRO,27
2020-01-05,Giuliano Razzoli,CRO,7
2020-01-05,Albert Popov,CRO,22
2020-01-05,Sebastian-Foss Solevaag,CRO,76
2020-01-05,Michael Matt,CRO,79
2020-01-05,Robin Buffet,CRO,0
2020-01-05,Alex Vinatzer,CRO,82
2020-01-05,Youhei Koyama,CRO,0
2020-01-05,David Ketterer,CRO,0
2020-01-05,Trevor Philp,CRO,46
2020-01-08,Simon Efimov,ITA,0
2020-01-08,Fritz Dopfer,ITA,10
2020-01-08,Julian Rauchfuss,ITA,0
2020-01-08,Laurie Taylor,ITA,0
2020-01-08,Luke Winters,ITA,15
2020-01-08,Timon Haugan,ITA,8
2020-01-08,Jan Zabystran,ITA,12
2020-01-08,Jean-Baptiste Grange,ITA,30
2020-01-08,Kamen Zlatkov,ITA,0
2020-01-08,Stefan Hadalin,ITA,80
2020-01-08,Simon Fournier,ITA,0
2020-01-08,David Ryding,ITA,63
2020-01-08,Riccardo Tonetti,ITA,78
2020-01-08,Giuliano Razzoli,ITA,12
2020-01-08,Linus Strasser,ITA,77
2020-01-08,Manuel Feller,ITA,60
2020-01-08,Johannes Strolz,ITA,26
2020-01-08,Michal Jasiczek,ITA,0
2020-01-08,Cristian Javier Simari Birkner,ITA,0
2020-01-08,Reto Schmidiger,ITA,0
2020-01-08,Henrik Kristoffersen,ITA,471
2020-01-08,Albert Popov,ITA,35
2020-01-08,Armand Marchant,ITA,69
2020-01-08,Clement Noel,ITA,240
2020-01-08,Manfred Moelgg,ITA,119
2020-01-08,Robin Buffet,ITA,0
2020-01-08,Kristoffer Jakobsen,ITA,80
2020-01-08,Lucas Braathen,ITA,173
2020-01-08,Samuel Kolega,ITA,0
2020-01-08,David Ketterer,ITA,0
2020-01-08,William Hansson,ITA,0
2020-01-08,Luca Aerni,ITA,18
2020-01-08,Ryuunosuke Ohkoshi,ITA,0
2020-01-08,River Radamus,ITA,18
2020-01-08,Youhei Koyama,ITA,0
2020-01-08,Victor Muffat Jeandet,ITA,133
2020-01-08,Matej Falat,ITA,0
2020-01-08,Matej Vidovic,ITA,11
2020-01-08,Fabian Bacher,ITA,0
2020-01-08,Marc Digruber,ITA,11
2020-01-08,Filip Zubcic,ITA,79
2020-01-08,Juan Del Campo,ITA,0
2020-01-08,Ramon Zenhaeusern,ITA,130
2020-01-08,Andre Myhrer,ITA,175
2020-01-08,Dominik Stehle,ITA,3
2020-01-08,Stefano Gross,ITA,64
2020-01-08,Sebastian-Foss Solevaag,ITA,126
2020-01-08,Jonathan Nordbotten,ITA,10
2020-01-08,Bjoern Brudevoll,ITA,0
2020-01-08,Thibaut Favrot,ITA,65
2020-01-08,Marc Rochat,ITA,12
2020-01-08,Loic Meillard,ITA,188
2020-01-08,Istok Rodes,ITA,36
2020-01-08,Sandro Simonet,ITA,42
2020-01-08,Daniel Yule,ITA,190
2020-01-08,Alexandr Horoshilov,ITA,43
2020-01-08,Alex Vinatzer,ITA,102
2020-01-08,Marco Schwarz,ITA,112
2020-01-08,Michael Matt,ITA,79
2020-01-08,Alexis Pinturault,ITA,475
2020-01-08,Simon Maurberger,ITA,43
2020-01-08,Julien Lizeroux,ITA,0
2020-01-08,Adrian Pertl,ITA,0
2020-01-08,Zan Kranjec,ITA,206
2020-01-08,Trevor Philp,ITA,46
2020-01-08,Fabio Gstrein,ITA,14
2020-01-08,Sebastian Holzmann,ITA,0
2020-01-08,Dong-Hyun Jung,ITA,0
2020-01-08,Elias Kolega,ITA,28
2020-01-08,Tommaso Sala,ITA,5
2020-01-08,Tanguy Nef,ITA,56
2020-01-08,Erik Read,ITA,69
2020-01-11,Thomas Tumler,SUI,44
2020-01-11,Brian Mclaughlin,SUI,0
2020-01-11,Sam Maes,SUI,0
2020-01-11,Erik Read,SUI,76
2020-01-11,Trevor Philp,SUI,46
2020-01-11,Andrea Ballerin,SUI,0
2020-01-11,Adam Zampa,SUI,4
2020-01-11,Dominik Raschner,SUI,32
2020-01-11,Maarten Meiners,SUI,0
2020-01-11,Pavel Trikhichev,SUI,77
2020-01-11,Stefan Luitz,SUI,95
2020-01-11,Julian Rauchfuss,SUI,0
2020-01-11,Samu Torsti,SUI,1
2020-01-11,Magnus Walch,SUI,0
2020-01-11,Pierre Bugnard,SUI,0
2020-01-11,Elia Zurbriggen,SUI,0
2020-01-11,Elias Kolega,SUI,28
2020-01-11,Aleksandr Andrienko,SUI,6
2020-01-11,Giulio Bosca,SUI,0
2020-01-11,Gino Caviezel,SUI,128
2020-01-11,Tommy Ford,SUI,169
2020-01-11,Aleksander Aamodt Kilde,SUI,519
2020-01-11,Ted Ligety,SUI,108
2020-01-11,Charlie Raposo,SUI,0
2020-01-11,Leif Kristian Haugen,SUI,171
2020-01-11,Roland Leitinger,SUI,130
2020-01-11,Arttu Niemela,SUI,0
2020-01-11,Albert Ortega,SUI,0
2020-01-11,Albert Popov,SUI,35
2020-01-11,Hannes Zingerle,SUI,7
2020-01-11,Riley Seger,SUI,0
2020-01-11,Ryan Cochran-Siegle,SUI,236
2020-01-11,Cedric Noger,SUI,28
2020-01-11,Loic Meillard,SUI,202
2020-01-11,Filip Zubcic,SUI,159
2020-01-11,Victor Muffat Jeandet,SUI,193
2020-01-11,Henrik Kristoffersen,SUI,531
2020-01-11,Riccardo Tonetti,SUI,93
2020-01-11,Mattias Roenngren,SUI,63
2020-01-11,Matts Olsson,SUI,61
2020-01-11,Marco Schwarz,SUI,136
2020-01-11,Mathieu Faivre,SUI,177
2020-01-11,Stefan Brennsteiner,SUI,26
2020-01-11,Alexander Schmid,SUI,59
2020-01-11,Lucas Braathen,SUI,193
2020-01-11,Zan Kranjec,SUI,306
2020-01-11,Daniele Sette,SUI,12
2020-01-11,Giovanni Borsotti,SUI,18
2020-01-11,Fabian Wilkens Solheim,SUI,39
2020-01-11,Justin Murisier,SUI,119
2020-01-11,Alexis Pinturault,SUI,501
2020-01-11,Luca De Aliprandini,SUI,65
2020-01-11,Michael Matt,SUI,79
2020-01-11,Markus Monsen,SUI,0
2020-01-11,Matthias Mayer,SUI,362
2020-01-11,Andreas Zampa,SUI,0
2020-01-11,Simon Maurberger,SUI,43
2020-01-11,Atle Lie McGrath,SUI,7
2020-01-11,River Radamus,SUI,18
2020-01-11,Cyprien Sarrazin,SUI,100
2020-01-11,Manfred Moelgg,SUI,119
2020-01-11,Patrick Feurstein,SUI,0
2020-01-11,Thibaut Favrot,SUI,65
2020-01-12,Sebastian Holzmann,SUI,0
2020-01-12,Victor Muffat Jeandet,SUI,238
2020-01-12,Samuel Kolega,SUI,0
2020-01-12,Marco Schwarz,SUI,196
2020-01-12,Alex Vinatzer,SUI,102
2020-01-12,Federico Liberatore,SUI,0
2020-01-12,Anton Tremmel,SUI,0
2020-01-12,Matej Vidovic,SUI,11
2020-01-12,Laurie Taylor,SUI,0
2020-01-12,Riccardo Tonetti,SUI,93
2020-01-12,Youhei Koyama,SUI,0
2020-01-12,Kamen Zlatkov,SUI,0
2020-01-12,Luke Winters,SUI,20
2020-01-12,Tommaso Sala,SUI,5
2020-01-12,Simon Efimov,SUI,0
2020-01-12,Dong-Hyun Jung,SUI,0
2020-01-12,Leif Kristian Haugen,SUI,171
2020-01-12,Fritz Dopfer,SUI,10
2020-01-12,Juan Del Campo,SUI,0
2020-01-12,Robin Buffet,SUI,0
2020-01-12,Kristoffer Jakobsen,SUI,80
2020-01-12,Asher Jordan,SUI,0
2020-01-12,Armand Marchant,SUI,69
2020-01-12,Lucas Braathen,SUI,193
2020-01-12,Ondrej Berndt,SUI,0
2020-01-12,Simon Fournier,SUI,0
2020-01-12,Kyle Negomir,SUI,0
2020-01-12,Ryuunosuke Ohkoshi,SUI,0
2020-01-12,River Radamus,SUI,18
2020-01-12,David Ketterer,SUI,0
2020-01-12,Ramon Zenhaeusern,SUI,180
2020-01-12,Benjamin Ritchie,SUI,0
2020-01-12,Istok Rodes,SUI,36
2020-01-12,Daniel Yule,SUI,290
2020-01-12,Fabian Bacher,SUI,0
2020-01-12,Luca Aerni,SUI,18
2020-01-12,Jonathan Nordbotten,SUI,10
2020-01-12,Julian Rauchfuss,SUI,0
2020-01-12,Reto Schmidiger,SUI,8
2020-01-12,Adam Zampa,SUI,4
2020-01-12,Clement Noel,SUI,240
2020-01-12,Fabio Gstrein,SUI,50
2020-01-12,Alexis Pinturault,SUI,533
2020-01-12,Marc Rochat,SUI,27
2020-01-12,Alexandr Horoshilov,SUI,58
2020-01-12,Loic Meillard,SUI,231
2020-01-12,Sebastian-Foss Solevaag,SUI,152
2020-01-12,Henrik Kristoffersen,SUI,611
2020-01-12,David Ryding,SUI,72
2020-01-12,Erik Read,SUI,100
2020-01-12,Mathias Graf,SUI,0
2020-01-12,Marc Digruber,SUI,21
2020-01-12,Andre Myhrer,SUI,197
2020-01-12,Simon Maurberger,SUI,54
2020-01-12,Albert Popov,SUI,55
2020-01-12,Stefan Hadalin,SUI,98
2020-01-12,Jean-Baptiste Grange,SUI,46
2020-01-12,Filip Zubcic,SUI,172
2020-01-12,Tanguy Nef,SUI,56
2020-01-12,Michael Matt,SUI,86
2020-01-12,Manuel Feller,SUI,60
2020-01-12,Zan Kranjec,SUI,306
2020-01-12,Elias Kolega,SUI,28
2020-01-12,Dominik Stehle,SUI,3
2020-01-12,Theo Letitre,SUI,0
2020-01-12,Timon Haugan,SUI,8
2020-01-12,Giuliano Razzoli,SUI,12
2020-01-12,Pavel Trikhichev,SUI,77
2020-01-12,Atle Lie McGrath,SUI,7
2020-01-12,Linus Strasser,SUI,117
2020-01-12,Stefano Gross,SUI,76
2020-01-12,Johannes Strolz,SUI,26
2020-01-12,Julien Lizeroux,SUI,6
2020-01-12,Adrian Pertl,SUI,0
2020-01-12,Sandro Simonet,SUI,42
2020-01-12,Trevor Philp,SUI,46
2020-01-17,James Crawford,SUI,24
2020-01-17,Brodie Seger,SUI,37
2020-01-17,Gilles Roulin,SUI,39
2020-01-17,Sam Alphand,SUI,0
2020-01-17,Stefan Hadalin,SUI,98
2020-01-17,Bostjan Kline,SUI,2
2020-01-17,Ralph Weber,SUI,13
2020-01-17,Olle Sundin,SUI,0
2020-01-17,Stian Saugestad,SUI,6
2020-01-17,Pavel Trikhichev,SUI,91
2020-01-17,Nils Allegre,SUI,119
2020-01-17,Alexis Pinturault,SUI,613
2020-01-17,Valentin Giraud Moine,SUI,0
2020-01-17,Maxence Muzaton,SUI,93
2020-01-17,Victor Muffat Jeandet,SUI,298
2020-01-17,Sam Mulligan,SUI,0
2020-01-17,Romed Baumann,SUI,47
2020-01-17,Jeffrey Read,SUI,0
2020-01-17,Alexander Prast,SUI,3
2020-01-17,Cristian Javier Simari Birkner,SUI,0
2020-01-17,Mauro Caviezel,SUI,217
2020-01-17,Klemen Kosi,SUI,44
2020-01-17,Bryce Bennett,SUI,39
2020-01-17,Jan Zabystran,SUI,12
2020-01-17,Alexander Koell,SUI,16
2020-01-17,Riccardo Tonetti,SUI,138
2020-01-17,Martin Cater,SUI,50
2020-01-17,Johannes Strolz,SUI,26
2020-01-17,Marco Pfiffner,SUI,2
2020-01-17,Kjetil Jansrud,SUI,270
2020-01-17,Jared Goldberg,SUI,25
2020-01-17,Blaise Giezendanner,SUI,10
2020-01-17,Aleksander Aamodt Kilde,SUI,551
2020-01-17,Stefan Babinsky,SUI,19
2020-01-17,Ryan Cochran-Siegle,SUI,248
2020-01-17,Niels Hintermann,SUI,88
2020-01-17,Daniel Danklmaier,SUI,44
2020-01-17,Loic Meillard,SUI,281
2020-01-17,Justin Murisier,SUI,143
2020-01-17,Miha Hrobat,SUI,25
2020-01-17,Dominik Paris,SUI,476
2020-01-17,Adrian Smiseth Sejersted,SUI,129
2020-01-17,Stefan Rogentin,SUI,45
2020-01-17,Florian Schieder,SUI,7
2020-01-17,Matthias Mayer,SUI,462
2020-01-17,Luca Aerni,SUI,38
2020-01-17,Vincent Kriechmayr,SUI,386
2020-01-17,Thomas Dressen,SUI,231
2020-01-18,Andreas Sander,SUI,60
2020-01-18,Lars Roesti,SUI,5
2020-01-18,Maxence Muzaton,SUI,105
2020-01-18,Daniel Danklmaier,SUI,66
2020-01-18,Thomas Dressen,SUI,291
2020-01-18,Kjetil Jansrud,SUI,294
2020-01-18,Travis Ganong,SUI,124
2020-01-18,Cameron Alexander,SUI,12
2020-01-18,Beat Feuz,SUI,461
2020-01-18,Ralph Weber,SUI,39
2020-01-18,Romed Baumann,SUI,54
2020-01-18,Bryce Bennett,SUI,75
2020-01-18,Vincent Kriechmayr,SUI,418
2020-01-18,Mauro Caviezel,SUI,262
2020-01-18,Steven Nyman,SUI,105
2020-01-18,Ryan Cochran-Siegle,SUI,266
2020-01-18,Matthieu Bailet,SUI,100
2020-01-18,Dominik Paris,SUI,556
2020-01-18,Manuel Schmid,SUI,20
2020-01-18,Niels Hintermann,SUI,120
2020-01-18,Mattia Casse,SUI,127
2020-01-18,Nils Allegre,SUI,135
2020-01-18,Davide Cazzaniga,SUI,8
2020-01-18,Matthias Mayer,SUI,512
2020-01-18,Othmar Striedinger,SUI,56
2020-01-18,Benjamin Thomsen,SUI,29
2020-01-18,Gilles Roulin,SUI,42
2020-01-18,Carlo Janka,SUI,112
2020-01-18,Jared Goldberg,SUI,34
2020-01-18,Aleksander Aamodt Kilde,SUI,591
2020-01-19,Filip Zubcic,SUI,185
2020-01-19,Alexis Pinturault,SUI,613
2020-01-19,Albert Popov,SUI,55
2020-01-19,Trevor Philp,SUI,46
2020-01-19,Manuel Feller,SUI,71
2020-01-19,Kristoffer Jakobsen,SUI,80
2020-01-19,Jean-Baptiste Grange,SUI,75
2020-01-19,Sebastian-Foss Solevaag,SUI,202
2020-01-19,Sandro Simonet,SUI,48
2020-01-19,Alex Vinatzer,SUI,102
2020-01-19,Loic Meillard,SUI,307
2020-01-19,Fabio Gstrein,SUI,72
2020-01-19,Marco Schwarz,SUI,232
2020-01-19,Leif Kristian Haugen,SUI,187
2020-01-19,Ramon Zenhaeusern,SUI,225
2020-01-19,Henrik Kristoffersen,SUI,691
2020-01-19,Reto Schmidiger,SUI,15
2020-01-19,Clement Noel,SUI,340
2020-01-19,David Ryding,SUI,87
2020-01-19,Marc Digruber,SUI,33
2020-01-19,Alexandr Horoshilov,SUI,118
2020-01-19,Simon Maurberger,SUI,62
2020-01-19,Daniel Yule,SUI,335
2020-01-19,Jonathan Nordbotten,SUI,30
2020-01-19,Victor Muffat Jeandet,SUI,316
2020-01-19,Stefano Gross,SUI,76
2020-01-19,Anton Tremmel,SUI,9
2020-01-19,Francesco Gori,SUI,0
2020-01-19,Timon Haugan,SUI,8
2020-01-19,Carl Jonsson,SUI,0
2020-01-19,Youhei Koyama,SUI,0
2020-01-19,Zan Kranjec,SUI,306
2020-01-19,Theo Letitre,SUI,0
2020-01-19,Federico Liberatore,SUI,0
2020-01-19,Armand Marchant,SUI,69
2020-01-19,Michael Matt,SUI,86
2020-01-19,Dong-Hyun Jung,SUI,10
2020-01-19,Andre Myhrer,SUI,197
2020-01-19,Linus Strasser,SUI,131
2020-01-19,Jan Zabystran,SUI,12
2020-01-19,Adrian Pertl,SUI,0
2020-01-19,River Radamus,SUI,18
2020-01-19,Marc Rochat,SUI,27
2020-01-19,Cristian Javier Simari Birkner,SUI,0
2020-01-19,Johannes Strolz,SUI,26
2020-01-19,Matej Vidovic,SUI,11
2020-01-19,Luke Winters,SUI,20
2020-01-19,Kyle Negomir,SUI,0
2020-01-19,Julien Lizeroux,SUI,6
2020-01-19,Simon Fournier,SUI,0
2020-01-19,Juan Del Campo,SUI,0
2020-01-19,Riccardo Tonetti,SUI,138
2020-01-19,Elias Kolega,SUI,28
2020-01-19,Istok Rodes,SUI,36
2020-01-19,Mathias Graf,SUI,0
2020-01-19,David Ketterer,SUI,0
2020-01-19,Sebastian Holzmann,SUI,0
2020-01-19,Ryuunosuke Ohkoshi,SUI,0
2020-01-19,Kamen Zlatkov,SUI,0
2020-01-19,Tommaso Sala,SUI,5
2020-01-19,Adam Zampa,SUI,4
2020-01-19,Stefan Hadalin,SUI,103
2020-01-19,Tanguy Nef,SUI,88
2020-01-19,Giuliano Razzoli,SUI,36
2020-01-19,Dominik Stehle,SUI,3
2020-01-19,Benjamin Ritchie,SUI,0
2020-01-19,Samuel Kolega,SUI,0
2020-01-19,Erik Read,SUI,100
2020-01-19,Luca Aerni,SUI,38
2020-01-19,Lucas Braathen,SUI,193
2020-01-19,Robin Buffet,SUI,0
2020-01-19,Simon Efimov,SUI,0
2020-01-24,Mattia Casse,AUT,172
2020-01-24,Travis Ganong,AUT,150
2020-01-24,Cameron Alexander,AUT,12
2020-01-24,Emanuele Buzzi,AUT,47
2020-01-24,Vincent Kriechmayr,AUT,458
2020-01-24,Christof Innerhofer,AUT,16
2020-01-24,Miha Hrobat,AUT,37
2020-01-24,Aleksander Aamodt Kilde,AUT,671
2020-01-24,Beat Feuz,AUT,497
2020-01-24,Christian Walder,AUT,64
2020-01-24,Andreas Sander,AUT,92
2020-01-24,Blaise Giezendanner,AUT,25
2020-01-24,Thomas Dressen,AUT,305
2020-01-24,Matthias Mayer,AUT,592
2020-01-24,Peter Fill,AUT,13
2020-01-24,Alexis Pinturault,AUT,642
2020-01-24,Marco Odermatt,AUT,242
2020-01-24,Pavel Trikhichev,AUT,91
2020-01-24,Thomas Tumler,AUT,44
2020-01-24,Othmar Striedinger,AUT,56
2020-01-24,Stian Saugestad,AUT,6
2020-01-24,James Crawford,AUT,31
2020-01-24,Max Franz,AUT,61
2020-01-24,Bostjan Kline,AUT,10
2020-01-24,Kjetil Jansrud,AUT,394
2020-01-24,Sam Mulligan,AUT,0
2020-01-24,Johannes Kroell,AUT,9
2020-01-24,Carlo Janka,AUT,112
2020-01-24,Davide Cazzaniga,AUT,8
2020-01-24,Guglielmo Bosca,AUT,4
2020-01-24,Nils Allegre,AUT,153
2020-01-24,Romed Baumann,AUT,63
2020-01-24,Steven Nyman,AUT,106
2020-01-24,Mauro Caviezel,AUT,312
2020-01-24,Johan Clarey,AUT,228
2020-01-24,Gilles Roulin,AUT,45
2020-01-24,Roy Piccard,AUT,4
2020-01-24,Matteo Marsaglia,AUT,11
2020-01-24,Daniel Danklmaier,AUT,88
2020-01-24,Ryan Cochran-Siegle,AUT,271
2020-01-25,Thomas Dressen,AUT,310
2020-01-25,Gilles Roulin,AUT,58
2020-01-25,Romed Baumann,AUT,99
2020-01-25,Matteo Marsaglia,AUT,33
2020-01-25,Aleksander Aamodt Kilde,AUT,700
2020-01-25,Josef Ferstl,AUT,52
2020-01-25,Mauro Caviezel,AUT,319
2020-01-25,Daniel Danklmaier,AUT,102
2020-01-25,Cameron Alexander,AUT,16
2020-01-25,Vincent Kriechmayr,AUT,538
2020-01-25,Bryce Bennett,AUT,107
2020-01-25,Niels Hintermann,AUT,135
2020-01-25,Blaise Giezendanner,AUT,28
2020-01-25,Travis Ganong,AUT,151
2020-01-25,Mattia Casse,AUT,190
2020-01-25,Brodie Seger,AUT,39
2020-01-25,Johan Clarey,AUT,278
2020-01-25,Andreas Sander,AUT,116
2020-01-25,Christian Walder,AUT,75
2020-01-25,Steven Nyman,AUT,126
2020-01-25,Beat Feuz,AUT,577
2020-01-25,Maxence Muzaton,AUT,150
2020-01-25,Nicolas Raffort,AUT,37
2020-01-25,Othmar Striedinger,AUT,56
2020-01-25,Manuel Schmid,AUT,20
2020-01-25,Peter Fill,AUT,13
2020-01-25,Matthias Mayer,AUT,692
2020-01-25,Carlo Janka,AUT,138
2020-01-25,Kjetil Jansrud,AUT,434
2020-01-25,Jared Goldberg,AUT,42
2020-01-25,Ryan Cochran-Siegle,AUT,271
2020-01-25,Max Franz,AUT,77
2020-01-25,Ralph Weber,AUT,51
2020-01-25,Nils Allegre,AUT,162
2020-01-26,Ramon Zenhaeusern,AUT,249
2020-01-26,Julien Lizeroux,AUT,22
2020-01-26,Fabio Gstrein,AUT,87
2020-01-26,Alex Vinatzer,AUT,120
2020-01-26,Kamen Zlatkov,AUT,0
2020-01-26,Jan Zabystran,AUT,12
2020-01-26,Reto Schmidiger,AUT,44
2020-01-26,Cristian Javier Simari Birkner,AUT,0
2020-01-26,Istok Rodes,AUT,36
2020-01-26,Sebastian-Foss Solevaag,AUT,228
2020-01-26,Alexandr Horoshilov,AUT,118
2020-01-26,Michal Jasiczek,AUT,0
2020-01-26,Manuel Feller,AUT,91
2020-01-26,Dong-Hyun Jung,AUT,10
2020-01-26,Kyle Negomir,AUT,0
2020-01-26,Trevor Philp,AUT,46
2020-01-26,Benjamin Ritchie,AUT,0
2020-01-26,Dominik Stehle,AUT,3
2020-01-26,Francesco Gori,AUT,0
2020-01-26,David Ryding,AUT,98
2020-01-26,Simon Efimov,AUT,0
2020-01-26,Timon Haugan,AUT,30
2020-01-26,Sandro Simonet,AUT,48
2020-01-26,Federico Liberatore,AUT,0
2020-01-26,Andre Myhrer,AUT,197
2020-01-26,David Ketterer,AUT,0
2020-01-26,Simon Fournier,AUT,0
2020-01-26,Luke Winters,AUT,20
2020-01-26,Simon Maurberger,AUT,72
2020-01-26,AJ Ginnis,AUT,0
2020-01-26,Johannes Strolz,AUT,26
2020-01-26,Jonathan Nordbotten,AUT,30
2020-01-26,Albert Popov,AUT,55
2020-01-26,Loic Meillard,AUT,307
2020-01-26,Marc Digruber,AUT,33
2020-01-26,Linus Strasser,AUT,131
2020-01-26,Lucas Braathen,AUT,243
2020-01-26,Henrik Kristoffersen,AUT,741
2020-01-26,Daniel Yule,AUT,435
2020-01-26,Atle Lie McGrath,AUT,16
2020-01-26,Jean-Baptiste Grange,AUT,75
2020-01-26,Tanguy Nef,AUT,88
2020-01-26,Alexis Pinturault,AUT,642
2020-01-26,Victor Muffat Jeandet,AUT,324
2020-01-26,Clement Noel,AUT,400
2020-01-26,Laurie Taylor,AUT,7
2020-01-26,Erik Read,AUT,106
2020-01-26,Elias Kolega,AUT,33
2020-01-26,Stefano Gross,AUT,76
2020-01-26,Tommaso Sala,AUT,5
2020-01-26,Kristoffer Jakobsen,AUT,80
2020-01-26,Michael Matt,AUT,126
2020-01-26,Youhei Koyama,AUT,0
2020-01-26,Marco Schwarz,AUT,312
2020-01-26,Sebastian Holzmann,AUT,14
2020-01-26,Marc Rochat,AUT,27
2020-01-26,Mathias Graf,AUT,0
2020-01-26,Stefan Hadalin,AUT,103
2020-01-26,Asher Jordan,AUT,0
2020-01-26,Anton Tremmel,AUT,22
2020-01-26,Giuliano Razzoli,AUT,72
2020-01-26,Samuel Kolega,AUT,0
2020-01-26,Zan Kranjec,AUT,306
2020-01-26,Ryuunosuke Ohkoshi,AUT,0
2020-01-26,Riccardo Tonetti,AUT,138
2020-01-26,Steven Amiez,AUT,0
2020-01-26,Juan Del Campo,AUT,0
2020-01-26,Leif Kristian Haugen,AUT,187
2020-01-26,Julian Rauchfuss,AUT,0
2020-01-26,Adam Zampa,AUT,4
2020-01-26,Luca Aerni,AUT,38
2020-01-26,Filip Zubcic,AUT,197
2020-01-26,Matej Vidovic,AUT,11
2020-01-26,Armand Marchant,AUT,69
2020-01-26,Adrian Pertl,AUT,32
2020-01-28,Luke Winters,AUT,20
2020-01-28,Reto Schmidiger,AUT,44
2020-01-28,Daniel Yule,AUT,495
2020-01-28,David Ryding,AUT,130
2020-01-28,Elias Kolega,AUT,33
2020-01-28,Leif Kristian Haugen,AUT,187
2020-01-28,Sebastian-Foss Solevaag,AUT,257
2020-01-28,Istok Rodes,AUT,36
2020-01-28,Erik Read,AUT,106
2020-01-28,Fabio Gstrein,AUT,87
2020-01-28,Jonathan Nordbotten,AUT,54
2020-01-28,Ramon Zenhaeusern,AUT,278
2020-01-28,Clement Noel,AUT,450
2020-01-28,Alexis Pinturault,AUT,722
2020-01-28,Stefano Gross,AUT,76
2020-01-28,Marco Schwarz,AUT,312
2020-01-28,Simon Maurberger,AUT,117
2020-01-28,Alex Vinatzer,AUT,160
2020-01-28,Armand Marchant,AUT,69
2020-01-28,Julien Lizeroux,AUT,44
2020-01-28,Kristoffer Jakobsen,AUT,116
2020-01-28,Timon Haugan,AUT,39
2020-01-28,Kyle Negomir,AUT,0
2020-01-28,Dominik Stehle,AUT,3
2020-01-28,Andre Myhrer,AUT,205
2020-01-28,Sandro Simonet,AUT,48
2020-01-28,Luca Aerni,AUT,38
2020-01-28,Lucas Braathen,AUT,243
2020-01-28,Giuliano Razzoli,AUT,72
2020-01-28,Juan Del Campo,AUT,0
2020-01-28,Jean-Baptiste Grange,AUT,91
2020-01-28,Alexandr Horoshilov,AUT,134
2020-01-28,Michael Matt,AUT,142
2020-01-28,Henrik Kristoffersen,AUT,841
2020-01-28,Trevor Philp,AUT,46
2020-01-28,Ryuunosuke Ohkoshi,AUT,0
2020-01-28,Filip Zubcic,AUT,207
2020-01-28,Marc Digruber,AUT,33
2020-01-28,AJ Ginnis,AUT,0
2020-01-28,Francesco Gori,AUT,0
2020-01-28,Tommaso Sala,AUT,16
2020-01-28,Tanguy Nef,AUT,88
2020-01-28,Fabian Himmelsbach,AUT,0
2020-01-28,Sebastian Holzmann,AUT,14
2020-01-28,Asher Jordan,AUT,0
2020-01-28,Cristian Javier Simari Birkner,AUT,0
2020-01-28,Dong-Hyun Jung,AUT,10
2020-01-28,Steven Amiez,AUT,0
2020-01-28,Loic Meillard,AUT,314
2020-01-28,Manuel Feller,AUT,104
2020-01-28,Anton Tremmel,AUT,22
2020-01-28,Benjamin Ritchie,AUT,0
2020-01-28,Youhei Koyama,AUT,0
2020-01-28,Adrian Pertl,AUT,32
2020-01-28,Johannes Strolz,AUT,26
2020-01-28,David Ketterer,AUT,0
2020-01-28,Simon Efimov,AUT,0
2020-01-28,Linus Strasser,AUT,151
2020-01-28,Adam Zampa,AUT,4
2020-01-28,Federico Liberatore,AUT,0
2020-01-28,Marc Rochat,AUT,32
2020-01-28,Stefan Hadalin,AUT,109
2020-01-28,Albert Popov,AUT,67
2020-01-28,Riccardo Tonetti,AUT,138
2020-01-28,Simon Fournier,AUT,0
2020-01-28,Kamen Zlatkov,AUT,0
2020-01-28,Laurie Taylor,AUT,7
2020-01-28,Mathias Graf,AUT,0
2020-01-28,Matej Vidovic,AUT,11
2020-01-28,Victor Muffat Jeandet,AUT,342
2020-01-28,Jan Zabystran,AUT,12
2020-01-28,Samuel Kolega,AUT,0
2020-02-01,Beat Feuz,GER,617
2020-02-01,Josef Ferstl,GER,74
2020-02-01,Aleksander Aamodt Kilde,GER,780
2020-02-01,Romed Baumann,GER,111
2020-02-01,Ryan Cochran-Siegle,GER,293
2020-02-01,Travis Ganong,GER,196
2020-02-01,Thomas Dressen,GER,410
2020-02-01,Othmar Striedinger,GER,66
2020-02-01,Vincent Kriechmayr,GER,588
2020-02-01,Niels Hintermann,GER,171
2020-02-01,Nils Allegre,GER,171
2020-02-01,Bryce Bennett,GER,115
2020-02-01,Johan Clarey,GER,338
2020-02-01,Maxence Muzaton,GER,157
2020-02-01,Manuel Schmid,GER,27
2020-02-01,Matteo Marsaglia,GER,34
2020-02-01,Mattia Casse,GER,195
2020-02-01,Cameron Alexander,GER,20
2020-02-01,Roy Piccard,GER,7
2020-02-01,Jared Goldberg,GER,53
2020-02-01,Florian Schieder,GER,7
2020-02-01,Steven Nyman,GER,128
2020-02-01,Kjetil Jansrud,GER,466
2020-02-01,Emanuele Buzzi,GER,73
2020-02-01,Gilles Roulin,GER,58
2020-02-01,Andreas Sander,GER,134
2020-02-01,Carlo Janka,GER,162
2020-02-01,Dominik Schwaiger,GER,61
2020-02-01,Mauro Caviezel,GER,333
2020-02-01,Christof Innerhofer,GER,32
2020-02-01,Daniel Danklmaier,GER,117
2020-02-01,Max Franz,GER,106
2020-02-02,Alexis Pinturault,GER,822
2020-02-02,Brodie Seger,GER,39
2020-02-02,Maarten Meiners,GER,0
2020-02-02,Roland Leitinger,GER,130
2020-02-02,Stefan Brennsteiner,GER,26
2020-02-02,Marco Odermatt,GER,258
2020-02-02,Filip Zubcic,GER,257
2020-02-02,Tomoya Ishii,GER,0
2020-02-02,Andrea Ballerin,GER,0
2020-02-02,Tommaso Sala,GER,16
2020-02-02,Matts Olsson,GER,61
2020-02-02,Arttu Niemela,GER,0
2020-02-02,Remy Falgoux,GER,10
2020-02-02,Simon Maurberger,GER,133
2020-02-02,Thomas Tumler,GER,44
2020-02-02,Erik Read,GER,120
2020-02-02,Magnus Walch,GER,0
2020-02-02,Manuel Feller,GER,107
2020-02-02,Mathieu Faivre,GER,199
2020-02-02,Giovanni Borsotti,GER,22
2020-02-02,Fabian Wilkens Solheim,GER,44
2020-02-02,Alexander Schmid,GER,79
2020-02-02,Daniele Sorio,GER,1
2020-02-02,Stefan Hadalin,GER,115
2020-02-02,Tommy Ford,GER,193
2020-02-02,Loic Meillard,GER,394
2020-02-02,Riccardo Tonetti,GER,145
2020-02-02,Ted Ligety,GER,126
2020-02-02,Adam Zampa,GER,12
2020-02-02,Leif Kristian Haugen,GER,247
2020-02-02,Gino Caviezel,GER,154
2020-02-02,Ryan Cochran-Siegle,GER,302
2020-02-02,Justin Murisier,GER,145
2020-02-02,Charlie Raposo,GER,0
2020-02-02,Brian Mclaughlin,GER,0
2020-02-02,Zan Kranjec,GER,351
2020-02-02,Patrick Feurstein,GER,0
2020-02-02,Sam Maes,GER,0
2020-02-02,Samu Torsti,GER,1
2020-02-02,Marco Schwarz,GER,312
2020-02-02,River Radamus,GER,18
2020-02-02,Roberto Nani,GER,0
2020-02-02,Andreas Zampa,GER,0
2020-02-02,Thibaut Favrot,GER,65
2020-02-02,Bastian Meisen,GER,12
2020-02-02,Victor Muffat Jeandet,GER,374
2020-02-02,Lucas Braathen,GER,255
2020-02-02,Stefan Luitz,GER,124
2020-02-02,Luca De Aliprandini,GER,78
2020-02-02,Cedric Noger,GER,28
2020-02-02,Timon Haugan,GER,39
2020-02-02,Aleksander Aamodt Kilde,GER,820
2020-02-02,Pavel Trikhichev,GER,91
2020-02-02,Johannes Strolz,GER,26
2020-02-02,Daniele Sette,GER,12
2020-02-02,Cyprien Sarrazin,GER,100
2020-02-02,Fabian Gratz,GER,0
2020-02-02,Thomas Dorner,GER,0
2020-02-02,Giulio Bosca,GER,0
2020-02-02,Aleksandr Andrienko,GER,6
2020-02-02,Henrik Kristoffersen,GER,877
2020-02-02,Trevor Philp,GER,57
2020-02-02,Sandro Jenal,GER,0
2020-02-02,Albert Popov,GER,67
2020-02-08,Matej Vidovic,FRA,11
2020-02-08,Hans Vaccari,FRA,0
2020-02-08,Sandro Simonet,FRA,48
2020-02-08,Federico Liberatore,FRA,24
2020-02-08,Pavel Trikhichev,FRA,91
2020-02-08,Loic Meillard,FRA,414
2020-02-08,Jens Henttinen,FRA,0
2020-02-08,Tommy Ford,FRA,193
2020-02-08,Samuel Kolega,FRA,0
2020-02-08,Robin Buffet,FRA,0
2020-02-08,Luke Winters,FRA,20
2020-02-08,Alex Vinatzer,FRA,160
2020-02-08,Tom Verbeke,FRA,0
2020-02-08,Laurie Taylor,FRA,7
2020-02-08,Joaquim Salarich,FRA,0
2020-02-08,Istok Rodes,FRA,36
2020-02-08,Marc Rochat,FRA,32
2020-02-08,Giuliano Razzoli,FRA,72
2020-02-08,Dominik Raschner,FRA,32
2020-02-08,Trevor Philp,FRA,57
2020-02-08,Simon Maurberger,FRA,133
2020-02-08,Julien Lizeroux,FRA,44
2020-02-08,Henrik Kristoffersen,FRA,877
2020-02-08,Fritz Dopfer,FRA,10
2020-02-08,Jonathan Nordbotten,FRA,76
2020-02-08,Kristoffer Jakobsen,FRA,116
2020-02-08,Leif Kristian Haugen,FRA,247
2020-02-08,Luca Aerni,FRA,38
2020-02-08,Dominik Stehle,FRA,3
2020-02-08,Timon Haugan,FRA,119
2020-02-08,Erik Read,FRA,120
2020-02-08,Alexis Pinturault,FRA,822
2020-02-08,Stefano Gross,FRA,76
2020-02-08,David Ryding,FRA,144
2020-02-08,Riccardo Tonetti,FRA,157
2020-02-08,Alexandr Horoshilov,FRA,174
2020-02-08,Sebastian-Foss Solevaag,FRA,297
2020-02-08,Marco Schwarz,FRA,344
2020-02-08,Michael Matt,FRA,192
2020-02-08,Anton Tremmel,FRA,37
2020-02-08,Marc Digruber,FRA,43
2020-02-08,Reto Schmidiger,FRA,60
2020-02-08,Andre Myhrer,FRA,234
2020-02-08,Clement Noel,FRA,550
2020-02-08,Tommaso Sala,FRA,27
2020-02-08,Ramon Zenhaeusern,FRA,323
2020-02-08,Linus Strasser,FRA,151
2020-02-08,Bjoern Brudevoll,FRA,0
2020-02-08,Lucas Braathen,FRA,255
2020-02-08,Adrian Pertl,FRA,92
2020-02-08,Zan Kranjec,FRA,351
2020-02-08,Filip Zubcic,FRA,257
2020-02-08,Armand Marchant,FRA,69
2020-02-08,Tanguy Nef,FRA,88
2020-02-08,Sebastian Holzmann,FRA,14
2020-02-08,Victor Muffat Jeandet,FRA,374
2020-02-08,Adam Zampa,FRA,12
2020-02-08,Stefan Hadalin,FRA,128
2020-02-08,Johannes Strolz,FRA,26
2020-02-08,Youhei Koyama,FRA,0
2020-02-08,Manuel Feller,FRA,107
2020-02-08,David Ketterer,FRA,0
2020-02-08,Albert Popov,FRA,67
2020-02-08,Elias Kolega,FRA,33
2020-02-08,Fabio Gstrein,FRA,105
2020-02-08,Jean-Baptiste Grange,FRA,117
2020-02-08,Daniel Yule,FRA,495
2020-02-09,Alexander Schmid,FRA,139
2020-02-09,Victor Muffat Jeandet,FRA,380
2020-02-09,Cyprien Sarrazin,FRA,104
2020-02-09,Aleksander Aamodt Kilde,FRA,856
2020-02-09,Trevor Philp,FRA,62
2020-02-09,Simon Maurberger,FRA,165
2020-02-09,Fabio Gstrein,FRA,134
2020-02-09,Marco Schwarz,FRA,351
2020-02-09,Mathieu Faivre,FRA,207
2020-02-09,Henrik Kristoffersen,FRA,903
2020-02-09,Stefan Hadalin,FRA,138
2020-02-09,Luca De Aliprandini,FRA,102
2020-02-09,Pavel Trikhichev,FRA,101
2020-02-09,Leif Kristian Haugen,FRA,258
2020-02-09,Loic Meillard,FRA,514
2020-02-09,Filip Zubcic,FRA,279
2020-02-09,Kristoffer Jakobsen,FRA,128
2020-02-09,Alexis Pinturault,FRA,842
2020-02-09,Roland Leitinger,FRA,143
2020-02-09,Thomas Tumler,FRA,124
2020-02-09,Lucas Braathen,FRA,269
2020-02-09,Giovanni Borsotti,FRA,40
2020-02-09,Erik Read,FRA,135
2020-02-09,Stefan Luitz,FRA,126
2020-02-09,Linus Strasser,FRA,167
2020-02-09,Thibaut Favrot,FRA,105
2020-02-09,Rasmus Windingstad,FRA,171
2020-02-09,Fabian Wilkens Solheim,FRA,46
2020-02-09,Tommy Ford,FRA,243
2020-02-09,Zan Kranjec,FRA,396
2020-02-13,Dominik Schwaiger,AUT,64
2020-02-13,Josef Ferstl,AUT,82
2020-02-13,Carlo Janka,AUT,212
2020-02-13,Aleksander Aamodt Kilde,AUT,882
2020-02-13,Nicolas Raffort,AUT,46
2020-02-13,Davide Cazzaniga,AUT,8
2020-02-13,Matthias Mayer,AUT,716
2020-02-13,Emanuele Buzzi,AUT,84
2020-02-13,Bryce Bennett,AUT,137
2020-02-13,Matteo Marsaglia,AUT,46
2020-02-13,Thomas Dressen,AUT,510
2020-02-13,Othmar Striedinger,AUT,79
2020-02-13,Mauro Caviezel,AUT,393
2020-02-13,Andreas Sander,AUT,154
2020-02-13,Matthieu Bailet,AUT,114
2020-02-13,Daniel Danklmaier,AUT,135
2020-02-13,Nils Allegre,AUT,187
2020-02-13,Travis Ganong,AUT,212
2020-02-13,Johan Clarey,AUT,367
2020-02-13,Ralph Weber,AUT,51
2020-02-13,Steven Nyman,AUT,138
2020-02-13,Blaise Giezendanner,AUT,29
2020-02-13,Adur Etxezarreta,AUT,0
2020-02-13,Niels Hintermann,AUT,216
2020-02-13,Kjetil Jansrud,AUT,506
2020-02-13,Vincent Kriechmayr,AUT,628
2020-02-13,Mattia Casse,AUT,199
2020-02-13,Jared Goldberg,AUT,54
2020-02-13,Martin Cater,AUT,57
2020-02-13,Alexander Koell,AUT,16
2020-02-13,Jeffrey Read,AUT,0
2020-02-13,Beat Feuz,AUT,697
2020-02-13,Maxence Muzaton,AUT,189
2020-02-13,Romed Baumann,AUT,117
2020-02-13,Christian Walder,AUT,77
2020-02-13,Victor Schuller,AUT,0
2020-02-13,Roy Piccard,AUT,13
2020-02-14,Maxence Muzaton,AUT,189
2020-02-14,Cameron Alexander,AUT,20
2020-02-14,Steven Nyman,AUT,138
2020-02-14,Stian Saugestad,AUT,6
2020-02-14,Klemen Kosi,AUT,46
2020-02-14,Aleksander Aamodt Kilde,AUT,982
2020-02-14,Ryan Cochran-Siegle,AUT,317
2020-02-14,Victor Schuller,AUT,0
2020-02-14,Othmar Striedinger,AUT,79
2020-02-14,Benjamin Thomsen,AUT,29
2020-02-14,Matteo Marsaglia,AUT,47
2020-02-14,Dominik Schwaiger,AUT,68
2020-02-14,Matthias Mayer,AUT,716
2020-02-14,Florian Schieder,AUT,13
2020-02-14,Martin Cater,AUT,67
2020-02-14,Brodie Seger,AUT,43
2020-02-14,Nils Allegre,AUT,200
2020-02-14,Davide Cazzaniga,AUT,8
2020-02-14,Alexander Koell,AUT,16
2020-02-14,Bostjan Kline,AUT,10
2020-02-14,Romed Baumann,AUT,129
2020-02-14,Miha Hrobat,AUT,37
2020-02-14,Niels Hintermann,AUT,216
2020-02-14,Carlo Janka,AUT,217
2020-02-14,Stefan Rogentin,AUT,56
2020-02-14,Beat Feuz,AUT,697
2020-02-14,Blaise Giezendanner,AUT,38
2020-02-14,Samuel Dupratt,AUT,9
2020-02-14,Johannes Kroell,AUT,17
2020-02-14,Matthieu Bailet,AUT,121
2020-02-14,Gilles Roulin,AUT,72
2020-02-14,Christian Walder,AUT,127
2020-02-14,Kjetil Jansrud,AUT,535
2020-02-14,Johan Clarey,AUT,387
2020-02-14,Max Franz,AUT,130
2020-02-14,Mattia Casse,AUT,244
2020-02-14,Mauro Caviezel,AUT,473
2020-02-14,Marco Odermatt,AUT,280
2020-02-14,Vincent Kriechmayr,AUT,654
2020-02-14,Thomas Dressen,AUT,570
2020-02-14,Travis Ganong,AUT,248
2020-02-14,Emanuele Buzzi,AUT,102
2020-02-14,Alexis Pinturault,AUT,882
2020-02-14,Andreas Sander,AUT,190
2020-02-14,Daniel Danklmaier,AUT,151
2020-02-22,Henrik Kristoffersen,JPN,948
2020-02-22,Luca De Aliprandini,JPN,128
2020-02-22,Youhei Koyama,JPN,0
2020-02-22,Erik Read,JPN,144
2020-02-22,Manuel Feller,JPN,117
2020-02-22,Aleksandr Andrienko,JPN,6
2020-02-22,Leif Kristian Haugen,JPN,308
2020-02-22,Daniele Sorio,JPN,1
2020-02-22,Zan Kranjec,JPN,425
2020-02-22,Kristoffer Jakobsen,JPN,128
2020-02-22,Cyprien Sarrazin,JPN,107
2020-02-22,Hayata Wakatsuki,JPN,0
2020-02-22,Giovanni Borsotti,JPN,47
2020-02-22,Ryuunosuke Ohkoshi,JPN,0
2020-02-22,Thibaut Favrot,JPN,137
2020-02-22,Victor Muffat Jeandet,JPN,416
2020-02-22,Trevor Philp,JPN,68
2020-02-22,Riccardo Tonetti,JPN,161
2020-02-22,Tomoya Ishii,JPN,0
2020-02-22,Stefan Hadalin,JPN,138
2020-02-22,Fabian Wilkens Solheim,JPN,51
2020-02-22,Aleksander Aamodt Kilde,JPN,1022
2020-02-22,Matts Olsson,JPN,69
2020-02-22,Sung-Hyun Kyung,JPN,0
2020-02-22,Seigo Kato,JPN,0
2020-02-22,Alexander Schmid,JPN,150
2020-02-22,Marco Odermatt,JPN,360
2020-02-22,Justin Murisier,JPN,145
2020-02-22,Adam Zampa,JPN,26
2020-02-22,Marco Schwarz,JPN,371
2020-02-22,Dominik Raschner,JPN,32
2020-02-22,Pavel Trikhichev,JPN,101
2020-02-22,River Radamus,JPN,18
2020-02-22,Johannes Strolz,JPN,26
2020-02-22,Thomas Tumler,JPN,124
2020-02-22,Krystof Kryzl,JPN,0
2020-02-22,Lucas Braathen,JPN,284
2020-02-22,Ryan Cochran-Siegle,JPN,317
2020-02-22,Clement Noel,JPN,550
2020-02-22,Alexis Pinturault,JPN,898
2020-02-22,Adrian Pertl,JPN,92
2020-02-22,Filip Zubcic,JPN,379
2020-02-22,Roland Leitinger,JPN,163
2020-02-22,Maarten Meiners,JPN,0
2020-02-22,Ted Ligety,JPN,150
2020-02-22,Andreas Zampa,JPN,0
2020-02-22,Tanguy Nef,JPN,88
2020-02-22,Tommy Ford,JPN,303
2020-02-22,Cedric Noger,JPN,40
2020-02-22,Gino Caviezel,JPN,176
2020-02-22,Albert Popov,JPN,67
2020-02-22,Sam Maes,JPN,0
2020-02-22,Magnus Walch,JPN,0
2020-02-22,Timon Haugan,JPN,119
2020-02-22,Mathieu Faivre,JPN,220
2020-02-23,,JPN,30
2020-02-29,Beat Feuz,AUT,742
2020-02-29,Victor Muffat Jeandet,AUT,417
2020-02-29,Matthias Mayer,AUT,776
2020-02-29,Johan Clarey,AUT,390
2020-02-29,Alexis Pinturault,AUT,948
2020-02-29,Kjetil Jansrud,AUT,575
2020-02-29,Pavel Trikhichev,AUT,105
2020-02-29,Mauro Caviezel,AUT,553
2020-02-29,Andreas Sander,AUT,190
2020-02-29,Stefan Babinsky,AUT,24
2020-02-29,Aleksander Aamodt Kilde,AUT,1022
2020-02-29,Steven Nyman,AUT,150
2020-02-29,Vincent Kriechmayr,AUT,754
2020-02-29,James Crawford,AUT,53
2020-02-29,Bostjan Kline,AUT,23
2020-02-29,Sam Mulligan,AUT,0
2020-02-29,Christian Walder,AUT,127
2020-02-29,Willis Feasey,AUT,0
2020-02-29,Daniel Danklmaier,AUT,165
2020-02-29,Maxence Muzaton,AUT,189
2020-02-29,Othmar Striedinger,AUT,79
2020-02-29,Blaise Giezendanner,AUT,40
2020-02-29,Florian Schieder,AUT,13
2020-02-29,Ryan Cochran-Siegle,AUT,332
2020-02-29,Marco Odermatt,AUT,378
2020-02-29,River Radamus,AUT,18
2020-02-29,Josef Ferstl,AUT,102
2020-02-29,Stefan Rogentin,AUT,67
2020-02-29,Max Franz,AUT,154
2020-02-29,Klemen Kosi,AUT,53
2020-02-29,Thomas Dressen,AUT,570
2020-02-29,Gino Caviezel,AUT,202
2020-02-29,Matteo Marsaglia,AUT,57
2020-02-29,Martin Cater,AUT,73
2020-02-29,Henrik Kristoffersen,AUT,957
2020-02-29,Nils Allegre,AUT,236
2020-02-29,Emanuele Buzzi,AUT,131
2020-02-29,Samuel Dupratt,AUT,9
2020-02-29,Raphael Haaser,AUT,8
2020-02-29,Travis Ganong,AUT,264
2020-02-29,Mattia Casse,AUT,276
2020-03-01,Trevor Philp,AUT,68
2020-03-01,Sandro Simonet,AUT,48
2020-03-01,Guglielmo Bosca,AUT,4
2020-03-01,Jeffrey Read,AUT,0
2020-03-01,Ivan Kuznetsov,AUT,0
2020-03-01,Niels Hintermann,AUT,216
2020-03-01,Johannes Strolz,AUT,26
2020-03-01,Maxence Muzaton,AUT,189
2020-03-01,Robin Buffet,AUT,0
2020-03-01,Blaise Giezendanner,AUT,40
2020-03-01,Ondrej Berndt,AUT,0
2020-03-01,George Steffey,AUT,0
2020-03-01,James Crawford,AUT,53
2020-03-01,Riccardo Tonetti,AUT,206
2020-03-01,Florian Loriot,AUT,18
2020-03-01,Martin Cater,AUT,93
2020-03-01,Luca Aerni,AUT,56
2020-03-01,Filip Zubcic,AUT,395
2020-03-01,Daniel Danklmaier,AUT,180
2020-03-01,Mauro Caviezel,AUT,633
2020-03-01,Stefan Hadalin,AUT,152
2020-03-01,Sam Mulligan,AUT,3
2020-03-01,Vincent Kriechmayr,AUT,776
2020-03-01,Ryan Cochran-Siegle,AUT,345
2020-03-01,Gino Caviezel,AUT,213
2020-03-01,Bryce Bennett,AUT,147
2020-03-01,Justin Murisier,AUT,154
2020-03-01,Jan Zabystran,AUT,20
2020-03-01,Klemen Kosi,AUT,60
2020-03-01,Nils Allegre,AUT,242
2020-03-01,Stefan Rogentin,AUT,68
2020-03-01,Cyprien Sarrazin,AUT,119
2020-03-01,Gilles Roulin,AUT,77
2020-03-01,Alexis Pinturault,AUT,1048
2020-03-01,Romed Baumann,AUT,133
2020-03-01,Pavel Trikhichev,AUT,131
2020-03-01,Loic Meillard,AUT,543
2020-03-01,Marco Schwarz,AUT,403
2020-03-01,Matthias Mayer,AUT,816
2020-03-01,Victor Muffat Jeandet,AUT,457
2020-03-01,Aleksander Aamodt Kilde,AUT,1082
2020-03-01,Henrik Kristoffersen,AUT,981
2020-03-01,Kjetil Jansrud,AUT,625
2020-03-02,Daniele Sorio,AUT,1
2020-03-02,Aleksandr Andrienko,AUT,6
2020-03-02,Willis Feasey,AUT,0
2020-03-02,Stefan Hadalin,AUT,152
2020-03-02,George Steffey,AUT,0
2020-03-02,Leo Anguenot,AUT,0
2020-03-02,Lucas Braathen,AUT,284
2020-03-02,Thibaut Favrot,AUT,137
2020-03-02,Patrick Haugen Veisten,AUT,0
2020-03-02,Albert Popov,AUT,67
2020-03-02,Ivan Kuznetsov,AUT,0
2020-03-02,Alexis Pinturault,AUT,1148
2020-03-02,Adam Zampa,AUT,26
2020-03-02,Thomas Tumler,AUT,124
2020-03-02,Andreas Zampa,AUT,0
2020-03-02,Pavel Trikhichev,AUT,131
2020-03-02,River Radamus,AUT,18
2020-03-02,Justin Murisier,AUT,154
2020-03-02,Bastian Meisen,AUT,12
2020-03-02,Matthias Mayer,AUT,816
2020-03-02,Sam Maes,AUT,0
2020-03-02,Daniele Sette,AUT,14
2020-03-02,Roberto Nani,AUT,0
2020-03-02,Remy Falgoux,AUT,13
2020-03-02,Julian Rauchfuss,AUT,0
2020-03-02,Stefan Luitz,AUT,158
2020-03-02,Mathieu Faivre,AUT,249
2020-03-02,Johannes Strolz,AUT,26
2020-03-02,Manuel Feller,AUT,141
2020-03-02,Tommy Ford,AUT,325
2020-03-02,Zan Kranjec,AUT,445
2020-03-02,Gino Caviezel,AUT,231
2020-03-02,Ryan Cochran-Siegle,AUT,361
2020-03-02,Alexander Schmid,AUT,165
2020-03-02,Loic Meillard,AUT,579
2020-03-02,Ted Ligety,AUT,165
2020-03-02,Matts Olsson,AUT,81
2020-03-02,Marco Schwarz,AUT,414
2020-03-02,Cyprien Sarrazin,AUT,129
2020-03-02,Trevor Philp,AUT,77
2020-03-02,Victor Muffat Jeandet,AUT,465
2020-03-02,Erik Read,AUT,151
2020-03-02,Cedric Noger,AUT,46
2020-03-02,Giovanni Borsotti,AUT,52
2020-03-02,Markus Monsen,AUT,4
2020-03-02,Roland Leitinger,AUT,176
2020-03-02,Aleksander Aamodt Kilde,AUT,1122
2020-03-02,Leif Kristian Haugen,AUT,337
2020-03-02,Luca De Aliprandini,AUT,173
2020-03-02,Henrik Kristoffersen,AUT,1041
2020-03-02,Fabian Wilkens Solheim,AUT,51
2020-03-02,Timon Haugan,AUT,119
2020-03-02,Marco Odermatt,AUT,428
2020-03-02,Maarten Meiners,AUT,0
2020-03-02,Dominik Raschner,AUT,32
2020-03-02,Riccardo Tonetti,AUT,206
2020-03-02,Patrick Feurstein,AUT,0
2020-03-02,Fabio Gstrein,AUT,134
2020-03-02,Filip Zubcic,AUT,475
2020-03-02,Jan Zabystran,AUT,20
2020-03-02,Pierre Bugnard,AUT,0
2020-03-02,Giulio Bosca,AUT,0
2020-03-02,Andrea Ballerin,AUT,0
2020-03-07,Johan Clarey,NOR,405
2020-03-07,Bryce Bennett,NOR,161
2020-03-07,Alexander Koell,NOR,18
2020-03-07,Valentin Giraud Moine,NOR,4
2020-03-07,Ryan Cochran-Siegle,NOR,375
2020-03-07,Othmar Striedinger,NOR,88
2020-03-07,Cedric Ochsner,NOR,8
2020-03-07,Urs Kryenbuehl,NOR,129
2020-03-07,Marco Odermatt,NOR,434
2020-03-07,Jared Goldberg,NOR,65
2020-03-07,Josef Ferstl,NOR,109
2020-03-07,Matteo Marsaglia,NOR,67
2020-03-07,Andreas Sander,NOR,195
2020-03-07,Florian Schieder,NOR,13
2020-03-07,Aleksander Aamodt Kilde,NOR,1202
2020-03-07,Steven Nyman,NOR,150
2020-03-07,Miha Hrobat,NOR,37
2020-03-07,Kjetil Jansrud,NOR,665
2020-03-07,Davide Cazzaniga,NOR,8
2020-03-07,Mauro Caviezel,NOR,669
2020-03-07,Daniel Hemetsberger,NOR,16
2020-03-07,Thomas Dressen,NOR,602
2020-03-07,Beat Feuz,NOR,792
2020-03-07,Nicolas Raffort,NOR,75
2020-03-07,Travis Ganong,NOR,309
2020-03-07,Cameron Alexander,NOR,46
2020-03-07,Maxence Muzaton,NOR,213
2020-03-07,Carlo Janka,NOR,277
2020-03-07,Daniel Danklmaier,NOR,202
2020-03-07,Mattia Casse,NOR,296
2020-03-07,Klemen Kosi,NOR,63
2020-03-07,Vincent Kriechmayr,NOR,794
2020-03-07,Matthias Mayer,NOR,916
2020-03-07,Nils Allegre,NOR,243